{"_runtime":9,"avg_lift":2.1542087652592437,"avg_confidence":0.7071297808808334,"_timestamp":1.769378470589428e+09,"_step":0,"num_rules":146,"_wandb":{"runtime":9}}