{"_timestamp":1.7693784945352101e+09,"_step":0,"_wandb":{"runtime":11},"_runtime":11,"num_rules":599,"avg_lift":2.8216441228552642,"avg_confidence":0.7348470181916471}