{"num_rules":29,"avg_lift":1.8809065476056401,"avg_confidence":0.688049074296826,"_timestamp":1.7693784488673925e+09,"_step":0,"_wandb":{"runtime":8},"_runtime":8}