{"num_rules":29,"_wandb":{"runtime":13},"_runtime":13,"avg_lift":1.8809065476056401,"avg_confidence":0.688049074296826,"_timestamp":1.769378201526876e+09,"_step":0}