{"avg_confidence":0.7071297808808334,"_timestamp":1.769377224112422e+09,"_wandb":{"runtime":10},"_runtime":10,"_step":0,"num_rules":146,"avg_lift":2.1542087652592437}