{"_step":0,"num_rules":29,"_wandb":{"runtime":11},"_runtime":11,"avg_lift":1.8809065476056401,"avg_confidence":0.688049074296826,"_timestamp":1.769377197359177e+09}