{"_step":0,"num_rules":29,"avg_lift":1.8809065476056401,"avg_confidence":0.688049074296826,"_timestamp":1.769378140490702e+09,"_wandb":{"runtime":14},"_runtime":14}