{"_timestamp":1.769378321635084e+09,"_step":0,"num_rules":29,"avg_lift":1.8809065476056401,"_wandb":{"runtime":12},"_runtime":12,"avg_confidence":0.688049074296826}