{"_wandb":{"runtime":11},"_runtime":11,"avg_lift":2.8216441228552642,"avg_confidence":0.7348470181916471,"_timestamp":1.769377248256383e+09,"_step":0,"num_rules":599}